,L1_ITO,L2_ZnO,L3_CuGeSeSnS,L4_Au,Transmission,Reflection
350.0,0.04968481825577893,0.6787748724475783,0.08577490054518008,6.216197173191683e-14,0.010969587834498362,0.1747958209169021
352.0,0.044318354338076245,0.6853449991025283,0.08292305009188788,1.1288513733700646e-13,0.01084744590271211,0.17656615056468242
354.0,0.039638890056697455,0.6922993723660642,0.08018526402203557,1.9836359747744096e-13,0.010753421033432964,0.1771230525215714
356.0,0.0355326286363409,0.6989920327019679,0.07928531132217038,3.5029367863435597e-13,0.01072122085244065,0.1754688064867299
358.0,0.03187837562552865,0.7054760994526746,0.0800945275011264,6.22838462055244e-13,0.010733288498408794,0.17181770892163864
360.0,0.028696543992770444,0.7123737223888476,0.08082344690700356,1.0659207195446548e-12,0.010748239667833004,0.16735804704247947
362.0,0.025906400213619483,0.7195623594962784,0.0835387132715475,1.7306912740246443e-12,0.010810122026842311,0.16018240498998157
364.0,0.023442963791522775,0.7269899988476298,0.08613734357136066,2.548727444976725e-12,0.010879473597446537,0.15255022018949152
366.0,0.021208645498421372,0.7331514149902989,0.09112645507899517,3.5836850919778324e-12,0.010995330955270388,0.14351815347343044
368.0,0.019243925300056627,0.7372774920400156,0.09893535449910298,5.0239900627316e-12,0.01115897610302699,0.1333842520527739
370.0,0.017520007937533836,0.7403926319010269,0.10734497169888135,7.1061625288196655e-12,0.011329306007359694,0.12341308244809203
372.0,0.015927446447336357,0.7372741943516612,0.12341141560909222,1.0972829615760609e-11,0.01163829842678013,0.11174864515415736
374.0,0.014541055327860446,0.7309580218762333,0.141682077715994,1.7459956223750166e-11,0.011996023080364362,0.10082282198208807
376.0,0.013211687755456438,0.7121848369983096,0.16572974175308253,2.877434315726923e-11,0.012507512629881687,0.09636622083449543
378.0,0.011899730421024244,0.6768384767596646,0.19707288907213671,4.837011765540025e-11,0.013243387418923822,0.10094551627988059
380.0,0.010760938461134788,0.6314984044979113,0.23304509126961534,8.017592861215348e-11,0.014137432600372812,0.11055813309078977
382.0,0.009703360537699691,0.5763587361802143,0.27091085446368873,1.295827147004166e-10,0.015109032870968153,0.1279180158178465
384.0,0.008796107727349093,0.5104070898174872,0.31320115212214683,2.0799463494732273e-10,0.01621473776281429,0.15138091236220802
386.0,0.008004609482421477,0.45214878708972883,0.34707091601902407,3.2135017024462576e-10,0.01704091373142899,0.1757347733560464
388.0,0.0074110831476208025,0.4087468102215962,0.3698767665831538,4.788739734852018e-10,0.017495269644931116,0.19647006992382407
390.0,0.0068983893630944,0.36376210405392284,0.3940105606594821,7.08041623105131e-10,0.017972964198449626,0.21735598101700937
392.0,0.006516684754810232,0.3244400795062932,0.4144290517707303,1.0134129814514914e-09,0.018332251658164767,0.23628193129658848
394.0,0.006251134116594434,0.28468874508692843,0.4364105078928338,1.4184625099253067e-09,0.018743404536176844,0.253906206949004
396.0,0.006028795130992432,0.25088274485596485,0.45680681257573347,1.93409949714688e-09,0.019117702829578476,0.2671639426736313
398.0,0.005878474867209016,0.22346299487440013,0.47570220084696235,2.5980437999333448e-09,0.01945401371719163,0.27550231309619305
400.0,0.005793083089534467,0.19599054561313303,0.49686058289868523,3.4962569077491127e-09,0.019853460415194923,0.2815023244871954
402.0,0.00580763758245798,0.17429005267665923,0.517174777268364,4.699605526849021e-09,0.020225244786578,0.28250228298633523
404.0,0.005803674252062298,0.1524039066669161,0.5399548396408537,6.3158012125935465e-09,0.02066728634400339,0.2811702867803634
406.0,0.005893252868432434,0.1361155482790167,0.5616175566512742,8.322127219268248e-09,0.021092876688351747,0.27528075719079764
408.0,0.005990578192749068,0.12570026264622086,0.5814396408102923,1.060163587174421e-08,0.021498016166539013,0.2653714915825628
410.0,0.00610193889974607,0.11531137953481814,0.6029053747682545,1.3065832497739428e-08,0.021988464267437613,0.25369282946391114
412.0,0.00627167067201603,0.10512038115760737,0.6258718931499113,1.5668738368715495e-08,0.022554581242881316,0.24018145810884553
414.0,0.006456844541640737,0.09464354724564686,0.6508351806606804,1.8525512022711355e-08,0.023197182546980166,0.22486722647953988
416.0,0.006699432334198682,0.08514471649361652,0.676836839103631,2.189867504320257e-08,0.023868096125369304,0.20745089404450937
418.0,0.006948861591597256,0.07665662184454651,0.7038326622136486,2.6205437774846036e-08,0.024545967286958875,0.188015860857811
420.0,0.007203520914690158,0.06753535586599951,0.7327275018996509,3.2021342509255944e-08,0.025239757782082345,0.16729383151623464
422.0,0.007488307066935672,0.06595785160247421,0.7568070879537622,3.960973299813183e-08,0.02575426504885811,0.14399244871823683
424.0,0.007707822398372345,0.06423904466815478,0.7810323114407662,4.946634485275247e-08,0.02623765679453957,0.12078311523182231
426.0,0.007963173223931983,0.06345365774834556,0.8036036022210497,6.136034156297257e-08,0.026657848511300986,0.0983216569350302
428.0,0.008196695759412885,0.06374235363169563,0.8237960237582483,7.428166729393377e-08,0.02702325924370043,0.07724159332527546
430.0,0.00846872867998361,0.06390895104793262,0.8419089327291738,8.705645881141277e-08,0.027358173421433284,0.05835512706501792
432.0,0.008637721007790453,0.06386442082375438,0.8568598072561567,9.884446963499757e-08,0.02763112198956555,0.04300683007826331
434.0,0.008783104122360393,0.06367407002425995,0.8694852912360284,1.1020246056996345e-07,0.02784952960790062,0.03020789480699008
436.0,0.008956815621266627,0.06328796135691173,0.8794801176535343,1.229570003586203e-07,0.027969828168704556,0.02030515424258247
438.0,0.009091415832432188,0.06267631807232879,0.8867731322318751,1.4006562680980487e-07,0.02795372583821005,0.013505267959527048
440.0,0.009121937716974787,0.061829057364562894,0.8913234640068675,1.6521471645399128e-07,0.02777586798410466,0.009949507712773732
442.0,0.009167752552901637,0.060737866435789115,0.8929388144914409,2.0262981447169642e-07,0.027425118582294926,0.00973024530775899
444.0,0.009168945492867413,0.05943065431166245,0.8916582562962846,2.5582593431514846e-07,0.026923440508656363,0.012818447564594822
446.0,0.009131410129527942,0.05799430235756938,0.8876037900834605,3.272883479003475e-07,0.026310263878805872,0.018959906262288485
448.0,0.009062865980648453,0.05639562943570852,0.8810776971472654,4.17556713098305e-07,0.025631046766205937,0.027832343113458655
450.0,0.009026956992605568,0.05471776597398078,0.8722593265602798,5.238411437587041e-07,0.024921053815975515,0.03907437281601447
452.0,0.008919181003456771,0.05301106365075868,0.8620114458163237,6.437288619413062e-07,0.024214140412906725,0.05184352538769208
454.0,0.008797835264064564,0.051281737373197044,0.8501173182320011,7.734390990115769e-07,0.023507562596041878,0.06629477309559643
456.0,0.008666515407751717,0.04954785100050913,0.8368940138903392,9.118415942125059e-07,0.02280559169225166,0.08208511616755404
458.0,0.008578625355189795,0.047820354252693965,0.8226174338723549,1.0609186503474088e-06,0.02210628618545954,0.09887623941565146
460.0,0.00843150245662062,0.046105900890361845,0.8074685601987243,1.2229501682139496e-06,0.021407753303974014,0.11658506020015105
462.0,0.008328276153543228,0.04441466934085622,0.7917200701260015,1.40410722301482e-06,0.020709201498282565,0.13482637877409345
464.0,0.008173194390829551,0.042756691051097216,0.7756643885155738,1.6143356574502912e-06,0.0200101422476249,0.153393969459217
466.0,0.008061780727665125,0.04113274737671777,0.759456104470075,1.8706104675934496e-06,0.019305438625137922,0.17204205818993654
468.0,0.00790457069750665,0.039554296827464454,0.743436917707681,2.1952782797137397e-06,0.018597393589848632,0.19050462589921952
470.0,0.0077915941267879645,0.03802169308311336,0.7277511752381003,2.6173844113649234e-06,0.017882730782475736,0.20855018938511136
472.0,0.007682159137960255,0.036551795105739436,0.712860010975749,3.1832690947403534e-06,0.017172981299639123,0.2257298702118174
474.0,0.007576056031609792,0.03514107899089873,0.698694959140979,3.9375749717117204e-06,0.01647154520999014,0.2421124230515506
476.0,0.007440627651667957,0.03380572164680995,0.6857663501762502,4.9432905877741835e-06,0.015794749863721147,0.25718760737096297
478.0,0.007355346232300071,0.03254112599995484,0.6739510351727781,6.2264936301204205e-06,0.015149989914239104,0.27099627618709776
480.0,0.007278628579734864,0.031346356327450746,0.6630132628168857,7.809763817840556e-06,0.014541158887220018,0.2838127836248909
482.0,0.007211169617669182,0.030221318106574527,0.6529726671521958,9.765230412967125e-06,0.013969193665868462,0.2956158862272791
484.0,0.007152508959196464,0.029158722682396065,0.6436541548455299,1.2114051934608892e-05,0.013434651654361307,0.30658784780658166
486.0,0.007103405021394082,0.02815919014801062,0.6350770037507698,1.48568462666327e-05,0.012940862103486217,0.31670468213007263
488.0,0.0070629578409917545,0.027215796097596216,0.6271728592826848,1.803516166690596e-05,0.01247954381492361,0.32605080780213674
490.0,0.007030952864397589,0.026324099528366455,0.6198836329610171,2.1709272147162277e-05,0.012048405216852132,0.33469120015721954
492.0,0.0070074037077365835,0.025482629468325663,0.6132340936130269,2.594037309561541e-05,0.011645645083303346,0.3426042877545118
494.0,0.006991878576431772,0.02468663254593808,0.6071859017150152,3.081507242850613e-05,0.011267335679017776,0.34983743641116866
496.0,0.00698404716912587,0.023932290524276832,0.6017483502824733,3.651801406470368e-05,0.01090828832573898,0.3563905056843203
498.0,0.006983769414044426,0.023217043976142136,0.5969018158144653,4.314717113258718e-05,0.010568143965244636,0.36228607965897086
500.0,0.007021586827859023,0.022537752089267078,0.5926417410662724,5.0884848035293406e-05,0.01024450825487161,0.36750352691369453
502.0,0.007035599559782272,0.02196650746889882,0.5889622947699102,5.9948195879118314e-05,0.009935352067281022,0.37204029793824855
504.0,0.007056787106078504,0.021425824231018107,0.5858853248300544,7.051185865755759e-05,0.009640903871699802,0.3759206481024916
506.0,0.007114791609926641,0.020912692998629315,0.5833959681573306,8.286696342586604e-05,0.009359061597260965,0.37913461867342657
508.0,0.007149629467844396,0.020426861122377,0.5815037845953527,9.737607967727449e-05,0.009091256924607327,0.3817310918101413
510.0,0.00722051366760934,0.01996492252014343,0.5801845315503023,0.00011430790833758623,0.008834649717861964,0.3836810746357454
512.0,0.0072693494175867365,0.01952118971016308,0.5795104066972107,0.00013385910122828723,0.008591047417675801,0.38497414765613536
514.0,0.007353159799729168,0.019097670243451586,0.5793214169924447,0.00015577324304487817,0.008361218901572542,0.38571076081975725
516.0,0.007413769207438171,0.018691837497947998,0.5796509618779906,0.00018051839696040078,0.008142323816527686,0.3859205892031351
518.0,0.007509133416019365,0.01830119487523952,0.5803935766638092,0.00020862611353920278,0.007936740570850809,0.38565072836054193
520.0,0.007580898109239579,0.017926435317108927,0.5815373264740437,0.00023976923043270325,0.007743899937090015,0.3849716709320852
522.0,0.007686320210847492,0.017565295218992156,0.5830347131166866,0.0002732476797977442,0.007563043994093077,0.38387737977958286
524.0,0.00779664650769958,0.017216872273196352,0.5848781717833123,0.0003090253224698458,0.00739264613603724,0.38240663797728475
526.0,0.007883215775160622,0.016880436810608298,0.5870927057378131,0.0003469046624857022,0.00723229383146895,0.3805644431824633
528.0,0.008002904245764117,0.016554104848727783,0.5896341922388278,0.00038716729113840364,0.0070813823727772784,0.3783402490027646
530.0,0.008126822264570602,0.016236977420759094,0.5925221347680769,0.0004319990341201168,0.006940908159930037,0.37574115835254324
532.0,0.008255386422479348,0.01592821901435212,0.5957907943784304,0.00047860489865286153,0.00681059528952116,0.3727363999965641
534.0,0.00838797568111273,0.01562675553659754,0.5994385117724012,0.0005260107220122027,0.006691546750384858,0.36932919953749155
536.0,0.008523876198265347,0.01533130856197391,0.6034745675917597,0.0005729243186046826,0.006585396580865321,0.36551192674853106
538.0,0.008664020700444476,0.015041468019442568,0.6078754542009971,0.0006170002687494406,0.006495049369807826,0.36130700744055855
540.0,0.008807543592806132,0.014755707452648072,0.6126637491986578,0.000663139535807934,0.006418739287359421,0.35669112093272054
542.0,0.008953173143873058,0.014472727163562078,0.6177389110033972,0.0007101993348534045,0.0063600442776959865,0.35176494507661826
544.0,0.009102428098126041,0.014192427824678326,0.6231350528656828,0.0007536136429505086,0.006316462414970192,0.3465000151535922
546.0,0.009282956607642457,0.013912967087754935,0.6287428493763553,0.0007923219675070856,0.006286885661511643,0.3409820192992286
548.0,0.009436562216897149,0.013634764725011822,0.6345840354747673,0.0008256770284716438,0.006271128904008494,0.3352478316508436
550.0,0.009592392167486022,0.013356706404688107,0.640564761177064,0.0008531786855171614,0.006267469096391254,0.32936549246885355
552.0,0.009779767327750223,0.01307791799011412,0.646617350260048,0.000879094766436806,0.00627370086201634,0.32337216879363456
554.0,0.009938744421533738,0.01279859101580885,0.6526993215224711,0.0009038539794729322,0.006289246289609196,0.3173702427711042
556.0,0.010099042793626509,0.012516280252160337,0.6587301962148414,0.0009224361748945302,0.006313177342198106,0.3114188672222791
558.0,0.010290883010352875,0.01223061826215133,0.6646484684673857,0.0009350982250789045,0.006343590651971709,0.30555134138305956
560.0,0.010454524497945646,0.011944388617446386,0.6704999482531149,0.0009418204390594899,0.006380407212805694,0.299778910979628
562.0,0.010648770439511878,0.011652145759392149,0.6760747200643938,0.0009420526668162839,0.0064215360688914536,0.2942607750009944
564.0,0.010845769016017623,0.011359648520694831,0.681528356902295,0.000937699034958822,0.006467323513507761,0.28886120301252605
566.0,0.011015487665841416,0.011067678096773715,0.6869179423145114,0.0009333426375792285,0.0065158390217675,0.28354971026352666
568.0,0.01121869208057701,0.010775071682699398,0.6922390886914791,0.0009263545175007503,0.006565504173371706,0.27827528885437197
570.0,0.011425262526778926,0.010482365290059519,0.6975715837266389,0.0009184504026163269,0.0066148407795798,0.27298749727432664
572.0,0.011635184118982518,0.0101893163300057,0.7029849360837483,0.00091255763155082,0.006660310097552524,0.2676176957381601
574.0,0.011847915115202182,0.009895074274925227,0.708544416714897,0.0009105797632241354,0.006699737100925529,0.2621022770308259
576.0,0.012063286908745802,0.00959925455395966,0.7143294513000692,0.0009145618092411934,0.006730918255784535,0.25636252717219965
578.0,0.012280346105936363,0.009300733690790142,0.7203756752734319,0.0009294067209567578,0.006751723219365957,0.2503621149895188
580.0,0.012498556983881096,0.008998887027095186,0.726733951923996,0.0009552655056460614,0.006760952925676245,0.24405238563370535
582.0,0.012716665771684333,0.00869248990158741,0.7333982213719845,0.0009914644782006402,0.006758025634978848,0.23744313284156426
584.0,0.012933824228689255,0.00838082592089105,0.7404043323409424,0.0010405128620455087,0.00674109019671712,0.23049941445071462
586.0,0.013149090821267943,0.0080632229614032,0.7476726743675806,0.0011002903569996925,0.0067140034855498465,0.22330071800719875
588.0,0.013393547070911619,0.007738739885211803,0.7551297223371066,0.0011713524378730612,0.006676906775605507,0.21588973149329138
590.0,0.013602778011285425,0.007407784490046156,0.7627506516884341,0.0012519722451399095,0.006633177748029018,0.20835363581706529
592.0,0.013840398920943613,0.007069717934389984,0.7704160614765976,0.0013475495888802282,0.0065828122848491655,0.20074345979433936
594.0,0.01404276433485507,0.006725346212640658,0.7781114561296857,0.0014529457753660227,0.006529031243101835,0.19313845630435073
596.0,0.014273262141757437,0.00637427954961993,0.7856961506567774,0.0015660622699064835,0.006471656100507234,0.1856185892814314
598.0,0.014467516166664229,0.00601733085141952,0.7931229630112441,0.0016835447837730171,0.0064134402522182665,0.17829520493468096
600.0,0.014692081255466723,0.005655007370939141,0.8003421775146324,0.0018034728590419638,0.0063550664962480075,0.17115219450367175
602.0,0.014913076430373522,0.005627628764715472,0.8070720820670679,0.0019244269939063942,0.006294305197863892,0.1641684805460728
604.0,0.015099689508308745,0.005599690479657621,0.8135376951207139,0.0020422502281495438,0.006235469967093676,0.15748520469607652
606.0,0.015319246144269298,0.00557160577517794,0.8197615827754573,0.0021622590428334513,0.006178021605527245,0.15100728465673477
608.0,0.015538496570001952,0.0055435831727807605,0.8257199143765417,0.0022796235383181233,0.006123613810256251,0.1447947685321012
610.0,0.015758045087042444,0.005516016707661136,0.831482439041631,0.0023910381494960473,0.006071545979721454,0.13878091503444792
612.0,0.015978247783757612,0.005489080902607275,0.8370926932710397,0.0024953476152971775,0.006022303469183671,0.13292232695811454
614.0,0.01619808212153269,0.005462564144223824,0.8425578817887724,0.0025918668007961602,0.005975934059973181,0.12721367108470175
616.0,0.016450875986799948,0.005436496900504344,0.8479361398929737,0.002682276142119143,0.005931761867968496,0.12156244920963445
618.0,0.01666945009950767,0.005410720966327849,0.8532736244403626,0.002768642478933544,0.005888771266698858,0.11598879074816958
620.0,0.016885494778789475,0.005384751152281519,0.8585497952962227,0.0028541728789209493,0.005845212971307204,0.11048057292247819
622.0,0.017132020039530856,0.005358298765261241,0.8637996255175833,0.00295086722710064,0.00579986396476348,0.10495932448576042
624.0,0.01734181864261836,0.005331262415947226,0.8690099091880019,0.0030558131388202098,0.005749433651840191,0.09951176296277212
626.0,0.017579918906043067,0.0053031444970480035,0.874093148765707,0.003172895565810324,0.005691665402528967,0.0941592268628626
628.0,0.017780997841677443,0.005274298624985299,0.879101692589563,0.003306859002221508,0.005624481913215254,0.08891167002833748
630.0,0.018010885794723902,0.005244495181435337,0.8839486809498295,0.003461236620476467,0.005546158331598758,0.08378854312193608
632.0,0.01823679230847468,0.005213969648516327,0.8886203356123734,0.003638852575211068,0.005455609350274823,0.07883444050514972
634.0,0.018426167971714525,0.005183007838981207,0.8930981042974857,0.003845609677873116,0.005350443339721622,0.07409666687422384
636.0,0.018646020352941214,0.005151867137061056,0.8973085758559824,0.00408338968266706,0.00523077684196413,0.06957937012938412
638.0,0.018865607891330856,0.005121641757629458,0.9012333214100581,0.004357525360998741,0.005096856327666821,0.06532504725231608
640.0,0.019084955373102622,0.005092395022715475,0.9048692413099391,0.0046684033108704065,0.004947991958652968,0.06133701302471945
642.0,0.019304992732325322,0.005064747317052348,0.908217716638162,0.0050138659721168845,0.004786563486947108,0.057612113853396436
644.0,0.019559703307890697,0.005039068279244008,0.9112279811191014,0.005398218857551859,0.004611567505923439,0.05416346093028852
646.0,0.019784143617814748,0.005016359269248171,0.9139512462142104,0.0058249142239234905,0.0044234149752159155,0.05099992169958723
648.0,0.0200106127467144,0.004996667225069843,0.9163953022431107,0.006284361262508889,0.004226491080825755,0.04808656544177046
650.0,0.02027168988408511,0.004980355198740833,0.9185003311414923,0.006786137499185142,0.00401849642053069,0.04544298985596591
652.0,0.020498143014228493,0.004967038661014523,0.9203708582202039,0.007313238524333196,0.003806110981685984,0.04304461059853387
654.0,0.020754427109369044,0.004957789511537287,0.921982204589476,0.007859513672073862,0.0035901632288882768,0.04085590188865562
656.0,0.021001458696581286,0.004950739775817511,0.9233095417195,0.008431608925782959,0.003370630581738955,0.038936020300579265
658.0,0.02119701326309785,0.0049430318981255,0.924412332302583,0.009013978472355924,0.003154362564050911,0.03727928149978674
660.0,0.021400337929490212,0.004933019842047663,0.9251733217428121,0.00960872727691749,0.0029411723120686822,0.035943420896663816
662.0,0.021570437353117096,0.004917793918216078,0.9255764661088168,0.01020311090919769,0.002735578478414581,0.03499661323223776
664.0,0.021699632639938737,0.0048955807619575015,0.9255845333356085,0.010793238859002243,0.0025395032411241816,0.034487511162368804
666.0,0.021780726143848666,0.004864175001073775,0.9251239930485283,0.01137559500023283,0.002354834232481902,0.034500676573834536
668.0,0.021807799054910145,0.004820915804135504,0.9241589179462673,0.011933074379197908,0.002185783158998332,0.03509350965649092
670.0,0.021810182810122043,0.004764563968523083,0.9225785658389313,0.012469843622140396,0.002032033726835754,0.03634481003344741
672.0,0.02171851193873639,0.004693535109637014,0.9203629491998764,0.01300219168228397,0.0018964359516467078,0.0383263761178195
674.0,0.021598935738369008,0.004606609981674222,0.9174799430109163,0.013499429928571593,0.0017809715986492336,0.04103410974181973
676.0,0.021394382742624254,0.004504611524892426,0.9139086923445576,0.013971622576810495,0.0016831695909475253,0.044537521220167714
678.0,0.02117088566913965,0.004387548527084863,0.909645463944954,0.01441003959662595,0.001604503274067734,0.04878155898812782
680.0,0.020906055075865456,0.004256642820824887,0.9047655988654173,0.014812711662268531,0.001544779597808514,0.05371421197781535
682.0,0.02058091083544148,0.004113414635051492,0.8993350052776425,0.015186930309416336,0.0015027774462359686,0.05928096149621218
684.0,0.020259849534520893,0.0039590684046333265,0.8933773233675537,0.015535072216268358,0.001477610676355004,0.0653910758006687
686.0,0.019928057835439796,0.0037962086586111115,0.8871060734063705,0.015843855793195936,0.0014695991741694725,0.07185620513221322
688.0,0.019619389886774745,0.0036265483980186274,0.8805189200496952,0.016133322610676383,0.0014761579687517373,0.0786256610860833
690.0,0.019300180441816826,0.00345408365861368,0.873806044327658,0.016435949936412775,0.0014947879488496074,0.08550895368664924
692.0,0.01900236534672343,0.0032805482629421415,0.8670529490563205,0.016742904766352193,0.001524335627461959,0.09239689694019976
694.0,0.018758140128590367,0.0031069180427649177,0.8604024990658221,0.017038530358391972,0.0015647262688406466,0.09912918613558995
696.0,0.018524496058203766,0.0029344367782530834,0.8539707000069974,0.017329515841227477,0.0016152785766033323,0.10562557273871502
698.0,0.018359631451858177,0.0027656996038487,0.8479397659844821,0.01760620121872963,0.0016746431156124952,0.11165405862546895
700.0,0.018242834061646212,0.002601435130209233,0.8423194572724495,0.017883933506021892,0.0017417010402485528,0.11721063898942459
702.0,0.018182259262377917,0.0024431392912056477,0.8372455788296526,0.01816410819284214,0.0018155836006994441,0.12214933082322232
704.0,0.018182303118797715,0.0022921738626042964,0.8328265779159119,0.018446054959770277,0.0018952744935708254,0.12635761564934503
706.0,0.01824542811721777,0.002149161627865357,0.8291686926226657,0.018729592873695074,0.0019804741737578235,0.12972665058479835
708.0,0.018374942949105737,0.0020142503365651087,0.8262731011893736,0.01902864381775984,0.002070782009232275,0.13223827969796353
710.0,0.01857198625906846,0.0018889871200594174,0.8241602729025603,0.019365415112645456,0.002164158864959159,0.13384917974070717
712.0,0.018858046498740896,0.0017733017310420597,0.8228831070726411,0.019724376144885456,0.00226063500236523,0.13450053355032526
714.0,0.019192656043318157,0.0016669766879249294,0.8225378940236415,0.020101388852267903,0.0023608491917596897,0.13414023520108778
716.0,0.019614491372275937,0.001570961405029161,0.8231345832136449,0.020486042173149862,0.002463050910168768,0.1327308709257314
718.0,0.020101739772224826,0.0014848538008233887,0.8246458277303543,0.020886932135162368,0.002567162424244207,0.13031348413719085
720.0,0.020630589411711985,0.0014085296675574743,0.8270711125084037,0.021306094397191604,0.002672956072202637,0.12691071794293263
722.0,0.021243258601273404,0.0013418416660249124,0.8303954829303598,0.021744161854378264,0.0027800786341900807,0.12249517631377357
724.0,0.021928630931600263,0.0012850108144490606,0.8345844718078118,0.022181717019003018,0.0028867357101952373,0.11713343371694054
726.0,0.022642262837144857,0.0012373523204811927,0.8395809093953617,0.022636891769978806,0.002993422756377942,0.11090916092065549
728.0,0.023397567391140316,0.0011985551198267612,0.845284092654629,0.023102185938751758,0.003098846679139705,0.1039187522165124
730.0,0.024203573966621702,0.0011680764855576545,0.8515230756152696,0.02358203982713091,0.0032013305450659113,0.09632190356035417
732.0,0.025008048765267264,0.0011453786935614963,0.8582761375374538,0.024100742553261195,0.003301271245200882,0.08816842120525534
734.0,0.025846252200265443,0.001129510266984987,0.8653174364650588,0.024614342611611058,0.003396402184389899,0.07969605627168981
736.0,0.026683389113797085,0.0011197033354972577,0.87254979988897,0.025119902598665318,0.0034859041149354897,0.07104130094813482
738.0,0.02750436094356172,0.0011152215681422511,0.8798829378565369,0.025603943857087558,0.003568917312300725,0.06232461846237088
740.0,0.02830004240240315,0.001115142428694742,0.8870986957863433,0.026067188448280928,0.0036441682734585645,0.0537747626608194
742.0,0.029081173052976767,0.001118230263288656,0.8939446350138001,0.026502409804070325,0.003709989045951226,0.04564356281991287
744.0,0.029777872230586786,0.001123289200056769,0.9002869796282009,0.02689905100256719,0.0037651277589172347,0.03814768017967108
746.0,0.03042914552554128,0.001129477416644035,0.9059839520876347,0.027242186680085052,0.0038087335386415982,0.031406504751453276
748.0,0.030971016754193177,0.001135344005420048,0.9107945025663627,0.0275352132459508,0.0038394117671360847,0.02572451166093715
750.0,0.03144833536874152,0.0011397511483413273,0.9145241891490018,0.027773084647696702,0.0038564806427106475,0.021258159043507984
752.0,0.031818017969944636,0.0011415959908534108,0.9171441267276017,0.027937897173501248,0.003859328933970344,0.01809903320412864
754.0,0.03207892959458195,0.0011400545979632175,0.9184764212709111,0.028038900947197822,0.0038472353187146806,0.016418458270631143
756.0,0.032255534856724916,0.0011343645398094605,0.9184233562382588,0.02807036726669159,0.0038206133406790653,0.01629576375783626
758.0,0.03228770515450948,0.0011234296511052773,0.917060192759257,0.028021405456012814,0.003780070632399383,0.017727196346716042
760.0,0.03223469898858086,0.001107228241444182,0.9142997245331238,0.027898446645488215,0.003725831424652163,0.020734070166710746
762.0,0.03205728618214884,0.0010852892908815679,0.9101645272125852,0.02770764485017926,0.0036586928198682374,0.025326559644336787
764.0,0.031806162502636744,0.0010571750143923077,0.9048317021159948,0.027443937990038834,0.0035807145628378584,0.031280307814099365
766.0,0.031466883389531124,0.0010232398790313668,0.8983908635864261,0.027118574049484357,0.0034929308768134673,0.03850750821871362
768.0,0.031051569522520688,0.000983926775359742,0.8909433634326308,0.02674196376333198,0.003396451834043912,0.04688272467211296
770.0,0.030589335977732873,0.0009392849996805039,0.8826327927753111,0.026306289096016382,0.0032927833879743823,0.05623951376328469
772.0,0.030052059261289826,0.0008897945751319889,0.8736828301937702,0.025830803187139217,0.003184269603712306,0.0663602431789564
774.0,0.02950208968405376,0.0008362051179226953,0.8641746575533651,0.025326955690580872,0.003071960043895622,0.07708813191018196
776.0,0.02892403173557932,0.0007789190303421337,0.854355076578049,0.024782362951021056,0.002957129226917224,0.08820248047809125
778.0,0.028334387529627605,0.0007186227656880177,0.8443383222303854,0.024217874368636594,0.002841641665825234,0.09954915143983722
780.0,0.027741545027939053,0.0006559823057666472,0.8341759267710959,0.023647030725276356,0.002726235219370335,0.11105327995055168
782.0,0.027177633440047304,0.0005914092460269998,0.8241449309836346,0.023067828748760916,0.002613202879279422,0.12240499470225079
784.0,0.026608426401192233,0.0005256406394040218,0.8142302317885143,0.02249262229068631,0.002501983773036065,0.1336410951071671
786.0,0.02607717667169725,0.0004590730340719578,0.8044483650567997,0.021922732700985787,0.0023932311773909587,0.14469942135905436
788.0,0.02558122518746683,0.0003921467218944071,0.7950739622674885,0.021370827189350156,0.002289604165025605,0.15529223446877455
790.0,0.025114981234221945,0.00032526003319225365,0.7859636024230434,0.02083371004036779,0.002189225830181385,0.1655732204389932
792.0,0.02468314115256349,0.0002586892058531037,0.7772118372041835,0.020313262380591654,0.002092970994812121,0.17544009906199617
794.0,0.02430835194358654,0.000192708461847111,0.7688377687348675,0.019818342360964424,0.002001626567152137,0.1848412019315822
796.0,0.023954167473533863,0.00012750836197499246,0.7608300182128984,0.019344917263327936,0.0019141742863697242,0.19382921440189496
798.0,0.023658320108325633,6.323997347262615e-05,0.7531915217761184,0.018900967370313444,0.001831569258794019,0.2023543815129759
800.0,0.023400020372594883,0.0,0.7458922425803369,0.018481089840698548,0.0017527229101665653,0.21047392429620307
802.0,0.023179350176934115,0.0,0.7389128990697815,0.01810106871172065,0.0016783448252496724,0.21812833721631406
804.0,0.023014463494581607,0.0,0.7322009575511711,0.01775457054487829,0.0016079447206661934,0.22542206368870285
806.0,0.02286951383953496,0.0,0.725817547616892,0.017426234852874672,0.0015406653146279037,0.2323460383760705
808.0,0.022774736255289037,0.0,0.7196648123022734,0.017124242162192035,0.0014764946053082428,0.23895971467493732
810.0,0.022716661548330356,0.0,0.7137619978209991,0.0168445983105752,0.0014150883048251184,0.24526165401527017
812.0,0.02269203266665673,0.0,0.7081029847363725,0.016586761192577723,0.001356411032589877,0.2512618103718032
814.0,0.022716978059216596,0.0,0.7025991396813401,0.016350844583560897,0.0012997918972743605,0.257033245778608
816.0,0.022761764603525095,0.0,0.6973976011893287,0.01613062127465553,0.001245751983627641,0.2624642609488631
818.0,0.02285437540842415,0.0,0.6923326003916993,0.01593197239998417,0.0011936786209083006,0.2676873731789841
820.0,0.02298176960966355,0.0,0.6875377472828879,0.015747675765646528,0.0011438467338637515,0.2725889606079383
822.0,0.02315928766496828,0.0,0.6829663823078351,0.015577261358489213,0.0010959598064806952,0.2772011088622266
824.0,0.02336084610522104,0.0,0.6786534279728565,0.015420171299446653,0.0010501159868174792,0.2815154386356583
826.0,0.023613622025917953,0.0,0.6746552431772203,0.015272278470511224,0.0010065516197323987,0.2854523047066181
828.0,0.023904822793824217,0.0,0.6709354753806541,0.015155237410299543,0.0009656093076645389,0.28903885510755756
830.0,0.02423456213345955,0.0,0.6675847472314341,0.015053654046058377,0.0009273735568858243,0.2921996630321621
832.0,0.024620267436989404,0.0,0.6645274919841416,0.01495976229432446,0.0008911475308686634,0.2950013307536758
834.0,0.025032930455963526,0.0,0.6618903933875155,0.014871472994316669,0.0008575978238423709,0.29734760533836185
836.0,0.025501112204844925,0.0,0.659645299121237,0.014788283888488908,0.0008266033188440436,0.299238701466585
838.0,0.026012110992059388,0.0,0.6578130050877504,0.014709724263239212,0.0007982443795740424,0.30066691527737693
840.0,0.026579087566579906,0.0,0.6563597577240636,0.014636739871039564,0.0007724328265188429,0.3016519820117981
842.0,0.027189833413175876,0.0,0.6554018632777439,0.014564626817679716,0.0007495506279874276,0.3020941258634132
844.0,0.02782826271253256,0.0,0.6548317454013303,0.014499169595893294,0.0007294292972985783,0.3021113929929453
846.0,0.02853524160410061,0.0,0.6547801221288937,0.014433560520298162,0.0007123285646706279,0.3015387471820369
848.0,0.029268003808686636,0.0,0.6550719866073291,0.01437311163691886,0.0006978788484046095,0.3005890190986607
850.0,0.030055673202187928,0.0,0.6558721830057384,0.014312508108537207,0.000686440221408624,0.29907319546212785
852.0,0.03088054823218361,0.0,0.6570688799978599,0.014257109088498589,0.0006777312280508152,0.2971157314534071
854.0,0.03173869203299898,0.0,0.6586301526380216,0.014202804492020932,0.0006718377224607663,0.29475651311449774
856.0,0.03264616878515508,0.0,0.6605685002494044,0.014157602646577002,0.0006686612471196729,0.29195906707174385
858.0,0.03358555529463527,0.0,0.6628461813937457,0.01411855340753757,0.000668152107547948,0.28878155779653353
860.0,0.034554195000928156,0.0,0.6654582398180583,0.014082489770266028,0.0006702342906269587,0.28523484112012054
862.0,0.0355521997053223,0.0,0.6683734050102909,0.01404835776470781,0.0006747140476017766,0.28135132347207725
864.0,0.03659043737185367,0.0,0.6715100364143463,0.014019804008363227,0.0006812689260684013,0.2771984532793685
866.0,0.037654476049017414,0.0,0.6748717220731268,0.013995432016814132,0.0006898551719522472,0.27278851468908943
868.0,0.03874092545381643,0.0,0.678428272871139,0.013975794740017058,0.000700428054150104,0.2681545788808773
870.0,0.039867751791982195,0.0,0.6821474638654424,0.013959575103310123,0.000712813514111732,0.26331239572515347
872.0,0.0410118156060707,0.0,0.6859182671030859,0.013950713159090515,0.0007264511330840051,0.25839275299866893
874.0,0.04217935542809439,0.0,0.6898347648181942,0.013946948047500199,0.0007418054173008448,0.25329712628891043
876.0,0.04338371086664272,0.0,0.6937283481494261,0.01395212555763227,0.0007579658223447194,0.24817784960395423
878.0,0.04459283118218364,0.0,0.6977666403291298,0.013962436820980646,0.0007758384208373104,0.24290225324686862
880.0,0.04585808952372921,0.0,0.7016869261862734,0.01398308663886485,0.0007940838547089712,0.23767781379642366
882.0,0.04712757066764563,0.0,0.705774907439279,0.014008063322016345,0.0008139455560567666,0.23227551301500235
884.0,0.048438943277351584,0.0,0.7096505925802924,0.014047011887593995,0.000833858480437738,0.22702959377432438
886.0,0.049770796336918034,0.0,0.7136265498380322,0.014087307898143952,0.000855159216955087,0.22166018670995072
888.0,0.05115843283544257,0.0,0.7174844053770791,0.014136996495195907,0.0008766663112060591,0.21634349898107633
890.0,0.05256327235930449,0.0,0.7213744051960838,0.014190096502324443,0.0008994869743560729,0.2109727389679313
892.0,0.05400559143465115,0.0,0.7251277134468881,0.014259087798723103,0.0009225476591240844,0.20568505966061362
894.0,0.05549001094792167,0.0,0.7289366090296461,0.014331688326194204,0.0009468667833830435,0.2002948249128549
896.0,0.05701178315739283,0.0,0.7325938341135042,0.014419881809368464,0.0009716493921644309,0.19500285152757002
898.0,0.05855478564092959,0.0,0.7362947331850216,0.01451292585533898,0.0009977448544151446,0.1896398104642946
900.0,0.060160205961566675,0.0,0.7399077793625395,0.014619414881522932,0.0010247100296633116,0.18428788976470756
902.0,0.061789035404422356,0.0,0.743572686031719,0.014732081793808407,0.0010531375989351888,0.17885305917111508
904.0,0.0634761382210378,0.0,0.7471682061736022,0.0148546206372281,0.001082713728922352,0.1734183212392095
906.0,0.0651850767652116,0.0,0.7507500693752337,0.014982650264604042,0.0011136949154227083,0.16796850867952803
908.0,0.06693142129997422,0.0,0.7543667130074978,0.015120275610229742,0.0011464582739712237,0.162435131808327
910.0,0.06872548618046269,0.0,0.7579623680258204,0.01526426304575882,0.0011808257727779214,0.1568670569751802
912.0,0.07054048660497154,0.0,0.7615670117810643,0.01541299507798626,0.0012170307558075633,0.1512624757801703
914.0,0.07239706678080916,0.0,0.7651541199400717,0.015566890804463563,0.0012550597356095483,0.14562686273904604
916.0,0.0742665174599358,0.0,0.7687609589415539,0.015723928345640476,0.0012950222726544058,0.1399535729802153
918.0,0.07615515490081909,0.0,0.7723916264798034,0.0158866341727924,0.00133733015473253,0.13422925429185267
920.0,0.07806554178979835,0.0,0.775982756614604,0.016055098746117227,0.0013814470430011938,0.12851515580647915
922.0,0.0799952805105295,0.0,0.7795621370324837,0.01622429029498965,0.0014279198434015566,0.12279037231859564
924.0,0.0819158821694303,0.0,0.7831060313942745,0.016395583733466647,0.0014760150477883122,0.11710648765504035
926.0,0.08382050955842468,0.0,0.7866961312059265,0.01656515889757315,0.001526867638212387,0.11139133269986326
928.0,0.08570015246375154,0.0,0.7901618700353762,0.01673438118976626,0.001579023520548159,0.10582457279055792
930.0,0.08759630423733462,0.0,0.7936266950600842,0.016898750562204277,0.0016338185774618097,0.10024443156291507
932.0,0.08942833943423893,0.0,0.7970133521010957,0.01706265121458488,0.00169030511877509,0.09480535213130549
934.0,0.0912569367736489,0.0,0.8003014932033237,0.017219061584032982,0.0017484210931960203,0.08947408734579847
936.0,0.09299958138015599,0.0,0.8035043838261635,0.017371019097876143,0.0018080433434839033,0.08431697235232043
938.0,0.09472667736906173,0.0,0.8065015280267127,0.01751703834412374,0.0018688614188768216,0.07938589484122499
940.0,0.09634869587279306,0.0,0.8094770790011165,0.01765520160642621,0.0019316715468642998,0.07458735197279992
942.0,0.0979471775628835,0.0,0.812185469526123,0.01778799295446342,0.001994992737110776,0.07008436721941926
944.0,0.09943257608027051,0.0,0.8148068552649875,0.01790636130775829,0.0020594979676639286,0.06579470937931985
946.0,0.1008319730858048,0.0,0.8171732203653803,0.018021704015916355,0.0021242964309703197,0.06184880610192813
948.0,0.10213455836847415,0.0,0.8193609799334488,0.018121569101316286,0.0021897077173008567,0.05819318487945992
950.0,0.10333164706945941,0.0,0.8213070289823758,0.018214551875590335,0.002255233031012764,0.054891539041561695
952.0,0.10443118549350408,0.0,0.8230280694646379,0.018296189898863776,0.002321004404811859,0.05192355073818245
954.0,0.1054240675835998,0.0,0.8245163354060052,0.01836812731788438,0.002386870682127201,0.04930459901038339
956.0,0.10629765980161623,0.0,0.8256863293048828,0.018446924698523402,0.0024518536956953316,0.04711723249928224
958.0,0.10704993754567076,0.0,0.8266427236589318,0.01850898919723471,0.0025160941605389536,0.045282255437623806
960.0,0.10771104953159855,0.0,0.8272588577785301,0.01856487066935861,0.0025792866865757685,0.04388593533393685
962.0,0.1082165467421528,0.0,0.8276881143571992,0.01860603811167131,0.0026419986483936994,0.04284730214058303
964.0,0.10859245306367855,0.0,0.8278328860731373,0.018638149652219674,0.002703478130974289,0.042233033079990136
966.0,0.10888280379384939,0.0,0.8276754359965273,0.01865881912576159,0.002763458722791899,0.04201948236106982
968.0,0.10903674003418273,0.0,0.8272843723977615,0.018667838637269583,0.002821787042534274,0.04218926188825184
970.0,0.1090709403721159,0.0,0.8265992164407907,0.01867116131333058,0.002878420485324905,0.04278026138843786
972.0,0.10900098858200959,0.0,0.8257303813930095,0.018657173608018357,0.002933473937917923,0.043677982479044704
974.0,0.1088120894701348,0.0,0.824573098045528,0.018637975093050086,0.002986625221128858,0.04499021217015825
976.0,0.10851821929476606,0.0,0.8232237864644626,0.01860834984908637,0.0030380608028619527,0.04661158358882311
978.0,0.10809596377725754,0.0,0.8216602177225616,0.018569969735373046,0.0030875910370138163,0.048586257727794034
980.0,0.10758787092870818,0.0,0.8198578959786496,0.018526446623139674,0.00313502004676168,0.050892766422741
982.0,0.10698979156140641,0.0,0.8179313979408865,0.018470734450389364,0.003180119783797175,0.05342795626352048
984.0,0.10631736537325219,0.0,0.8157863826802819,0.018411485696842655,0.003223102961962314,0.056261663287660864
986.0,0.10554974745651863,0.0,0.81350032923684,0.01834291256395095,0.003264154172240366,0.059342856570450006
988.0,0.10468780035760716,0.0,0.8111018830017647,0.01826944205494761,0.0033032120035354356,0.0626376625821451
990.0,0.10375909092595999,0.0,0.8085353074658691,0.018191909156804006,0.003340033296623468,0.06617365915474338
992.0,0.10276917725689609,0.0,0.8058969841967056,0.0181077825247015,0.0033745978116574288,0.06985145821003942
994.0,0.10170718545546947,0.0,0.8031505982555995,0.01802137563731109,0.003407191532433962,0.07371364911918599
996.0,0.10060311498154029,0.0,0.8003168390581844,0.017929069912051634,0.0034377678315503923,0.07771320821667324
998.0,0.09943835899517839,0.0,0.7974668697223553,0.017834636337653257,0.0034664442514169003,0.0817936906933962
1000.0,0.09832956299812744,0.0,0.7943755480720637,0.017735326434066154,0.0034929964700765315,0.08606656602566617
1002.0,0.09729219687680937,0.0,0.7911557961070793,0.017624291059840716,0.0035178247166665066,0.09040989123960408
1004.0,0.0961982129307413,0.0,0.7879138780771215,0.01751435149251665,0.0035407416900186117,0.0948328158096019
1006.0,0.0950537159263448,0.0,0.7847200012919812,0.01740266025820092,0.0035617922047817274,0.09926183031869137
1008.0,0.09386654129233221,0.0,0.7815904936997634,0.017290153037621492,0.003581079060797465,0.10367173290948545
1010.0,0.09264170384880396,0.0,0.7784818170246143,0.017179611607292908,0.003598658013288389,0.10809820950600048
1012.0,0.09136454093339336,0.0,0.775527334448274,0.017063852860517932,0.0036149028794829202,0.1124293688783317
1014.0,0.09006023682386449,0.0,0.77263124381691,0.0169499815973362,0.0036295884813348916,0.11672894928055454
1016.0,0.08873849919577052,0.0,0.7698309451086846,0.016837231076272514,0.003642788608749406,0.12095053601052301
1018.0,0.08740414713295386,0.0,0.7671751401185388,0.016723349559315957,0.0036545734419320686,0.12504278974725927
1020.0,0.08606294161835093,0.0,0.7646046471873718,0.016612894989022468,0.003665021324124662,0.12905449488113013
1022.0,0.08470632281207759,0.0,0.7622083736065794,0.016500102135829926,0.00367435124199178,0.13291085020352122
1024.0,0.08334689293206986,0.0,0.7599654985872945,0.016387645682596666,0.003682579315795631,0.1366173834822434
1026.0,0.08199472922053418,0.0,0.7578212298067999,0.016278890148316173,0.0036896100566768397,0.1402155407676729
1028.0,0.08066177462510583,0.0,0.7559008599429267,0.016167438079728178,0.0036956105257274774,0.14357431682651184
1030.0,0.0793467909206739,0.0,0.754102769850581,0.016060462411625023,0.003700620743095129,0.14678935607402493
1032.0,0.07805176550261599,0.0,0.7524550784452714,0.015955493505181044,0.003704687717687366,0.14983297482924432
1034.0,0.07677785957377964,0.0,0.7510449804570315,0.015842158743965915,0.0037080386053539027,0.15262696261986902
1036.0,0.07552389920219015,0.0,0.749757583359149,0.015723955226695202,0.003710516885225057,0.15528404532674056
1038.0,0.07430169615597622,0.0,0.7486829029219935,0.015605802135057365,0.0037123327675170903,0.15769726601945583
1040.0,0.07311448406388835,0.0,0.7478222896046531,0.015486455007860186,0.0037134946448519335,0.15986327667874645
1042.0,0.07196828748047775,0.0,0.7470975844983379,0.01537220817798646,0.00371394790809193,0.16184797193510597
1044.0,0.07087624663662097,0.0,0.7465933711364418,0.015256994119489137,0.0037138257723329793,0.1635595623351152
1046.0,0.06983523916301913,0.0,0.7462547914508653,0.015144845689624986,0.0037131480673655015,0.16505197562912516
1048.0,0.06884146169417833,0.0,0.7460506202011673,0.015037008920246278,0.0037118556336696584,0.16635905355073838
1050.0,0.06790564035795024,0.0,0.7461309345300807,0.014924009913833648,0.0037103107621176135,0.16732910443601776
1052.0,0.0670251452174711,0.0,0.7463558211569539,0.014814844500173304,0.0037082868271837988,0.16809590229821794
1054.0,0.06623220551197581,0.0,0.7466666442912238,0.01470749683300639,0.0037056617798383318,0.16868799158395564
1056.0,0.06563241817487782,0.0,0.7469793801419996,0.014594279519488575,0.003702442746969431,0.16909147941666455
1058.0,0.06509385173463043,0.0,0.747425803972845,0.014485252624436633,0.0036987987774137476,0.16929629289067416
1060.0,0.06461207654556535,0.0,0.7480321487056634,0.014378241500742288,0.003694776659798893,0.1692827565882301
1062.0,0.06423836501144581,0.0,0.7488080330262489,0.014268911785747594,0.0036905918565458273,0.1689940983200118
1064.0,0.06392797424045236,0.0,0.7497016447533201,0.014162810373769315,0.0036859921037240284,0.16852157852873415
1066.0,0.06367370349382771,0.0,0.7507741609994873,0.014058061015036594,0.0036812021404014628,0.16781287235124687
1068.0,0.06352554692460842,0.0,0.752012695529333,0.013948941738525908,0.0036762796157215616,0.16683653619181107
1070.0,0.0634444776529189,0.0,0.7533568407314223,0.013842729861385168,0.0036709983699577398,0.1656849533843159
1072.0,0.06343257206250676,0.0,0.7548422214527093,0.013738250392350153,0.0036655842818024975,0.16432137181063136
1074.0,0.06351747854183909,0.0,0.756451111040364,0.01363296046923059,0.0036600658032440447,0.1627383841453223
1076.0,0.06367134926085571,0.0,0.7581457598263407,0.013530980980117738,0.003654262066029479,0.16099764786665638
1078.0,0.06390625689423371,0.0,0.759985813608126,0.013427713208773564,0.0036484195778434814,0.15903179671102327
1080.0,0.0642428393764795,0.0,0.76194166769292,0.013321788215412515,0.0036425357870845665,0.1568511689281034
1082.0,0.0646648814850186,0.0,0.7639329695322307,0.013218321074050089,0.0036363089562239104,0.15454751895247676
1084.0,0.0651570901774488,0.0,0.7660209144533349,0.013115223523253717,0.0036300429929615463,0.15207672885300105
1086.0,0.06573149207521527,0.0,0.7681773603598885,0.013011155918664669,0.003623713231429654,0.149456278414802
1088.0,0.06639962833550485,0.0,0.7703509677581283,0.012909071369554536,0.0036170723996277743,0.14672326013718456
1090.0,0.06713725003074651,0.0,0.7726102983421471,0.012806071235662828,0.0036104453770218203,0.1438359350144217
1092.0,0.06796490956927088,0.0,0.7749311094712521,0.012699975192509486,0.003603849692686456,0.14080015607428098
1094.0,0.06889130431967494,0.0,0.7772254709394172,0.012595157001217494,0.0035968922705908735,0.1376911754690995
1096.0,0.06988322521953538,0.0,0.7795792410752387,0.012488956071722984,0.003589944016504476,0.1344586336169985
1098.0,0.0709561679529069,0.0,0.782010896935077,0.01237790529879204,0.003583207868845001,0.13107182194437908
1100.0,0.0721243166809184,0.0,0.7844013322907251,0.012268037592645867,0.003576140593322563,0.1276301728423881
1102.0,0.07334783970016519,0.0,0.7867980053819532,0.012158304756680543,0.0035690258513034756,0.12412682430989752
1104.0,0.07463147588037711,0.0,0.7892096473526007,0.012046344080157177,0.0035621382157241532,0.12055039447114091
1106.0,0.07602444664318149,0.0,0.7915223128655852,0.011934697135892675,0.00355482171074209,0.11696372164459853
1108.0,0.07746137020886935,0.0,0.7938369425888572,0.01182324739710277,0.003547468255695685,0.11333097154947508
1110.0,0.07896384527381296,0.0,0.7961833927992169,0.011704936155884662,0.003540613811670354,0.10960721195941515
1112.0,0.08056415754311311,0.0,0.7984184416428053,0.011586231870910112,0.0035333460453486204,0.10589782289782289
1114.0,0.08221709439428877,0.0,0.800591751723502,0.01146861404215589,0.003525885367631376,0.10219665447242182
1116.0,0.08390841982619382,0.0,0.8027198798803029,0.011347422881361235,0.003518962253087621,0.09850531515905442
1118.0,0.08569242047812846,0.0,0.8047164328279106,0.011225677177471489,0.003511662494258133,0.09485380702223137
1120.0,0.08752825205172048,0.0,0.8066198328159312,0.011104716206634727,0.0035041649873440855,0.09124303393836951
1122.0,0.08939483687969231,0.0,0.8084664258278712,0.01098025462315156,0.0034971266487829333,0.08766135602050201
1124.0,0.09133203927024787,0.0,0.8101811465676888,0.010854167339718265,0.0034899317463437246,0.08414271507600134
1126.0,0.09330959072801136,0.0,0.8117915009803158,0.010728916189363091,0.0034825745396082908,0.0806874175627014
1128.0,0.09530834143026375,0.0,0.8133288443051684,0.010602888676891917,0.0034757047563867133,0.07728422083128915
1130.0,0.09738002203204314,0.0,0.8147129766496644,0.010476366308609306,0.0034691169807111732,0.0739615180289721
1132.0,0.09950327338162736,0.0,0.8159417546119823,0.010349518526207288,0.0034622645318576617,0.07074318894832549
1134.0,0.1016325363265172,0.0,0.8170582723362567,0.01022286132778918,0.003455540015200362,0.06763078999423662
1136.0,0.10378206716205546,0.0,0.8180243053496538,0.010094388725789561,0.0034492039078073133,0.06465003485469392
1138.0,0.10599380493955754,0.0,0.8188005177806161,0.009965376056607009,0.003442525484956209,0.061797775738263123
1140.0,0.10819364024001707,0.0,0.8194720092461314,0.009837471628044181,0.003435851877562117,0.05906102700824523
1142.0,0.11040478194415779,0.0,0.8200032249555347,0.009703948536332368,0.0034299965192620893,0.05645804804471303
1144.0,0.1126624611731034,0.0,0.8203434700214185,0.009569705603936666,0.00342391976801161,0.05400044343352982
1146.0,0.11490317758065717,0.0,0.8205659348911266,0.009436699220254485,0.0034178476262953297,0.051676340681666426
1148.0,0.1171075048057716,0.0,0.8206655744735601,0.009303709820789444,0.003412229070408647,0.04951098182947019
1150.0,0.1194106697958836,0.0,0.8204789249505452,0.0091697102528821,0.0034063725294846,0.04753432247120461
1152.0,0.12166852263228539,0.0,0.8201988534586759,0.009037079012538784,0.0034006174457513957,0.045694927450748525
1154.0,0.1238864927249329,0.0,0.8198096138491517,0.00890485307273984,0.003395078869973138,0.04400396148320241
1156.0,0.12617989791412917,0.0,0.8191413388744335,0.008770285971146999,0.003389817683571744,0.04251865955671849
1158.0,0.12842097570199298,0.0,0.8183821852449957,0.008636978015211688,0.00338465976753987,0.04117520127025976
1160.0,0.13060673979224371,0.0,0.8175346995286079,0.008505444916761242,0.003379630998490299,0.03997348476389691
1162.0,0.13287359968591056,0.0,0.8164073097212768,0.008369931811943787,0.003374931447846098,0.03897422733302266
1164.0,0.13508999669863053,0.0,0.81517509990077,0.008234425810995365,0.0033706010755436486,0.03812987651406053
1166.0,0.13723235911962958,0.0,0.813875459863707,0.008101135046568802,0.003366463985610163,0.03742458198448437
1168.0,0.13944426721577663,0.0,0.8123195158427052,0.0079681378876643,0.0033620850854951603,0.03690599396835872
1170.0,0.14159705100587489,0.0,0.8106522436740916,0.007836963858518823,0.0033582158965607747,0.03655552556495383
1172.0,0.14367058251111375,0.0,0.8089299394114948,0.0077080644696390106,0.0033545449199590543,0.03633686868779336
1174.0,0.1458099824175979,0.0,0.80697616655706,0.007579256053253448,0.0033504723356378233,0.03628412263645083
1176.0,0.14789815428161052,0.0,0.8049059106169455,0.007449504926791091,0.003347324003489624,0.03639910617116322
1178.0,0.1498968502765234,0.0,0.80279046468222,0.007321080669327264,0.003344669508742404,0.036646934863186875
1180.0,0.15193427200956638,0.0,0.8004836004635071,0.0071933314197670534,0.0033417233477765207,0.03704707275938299
1182.0,0.15394080420698533,0.0,0.7980470506073088,0.007073333872503963,0.003339068638952898,0.037599742674248975
1184.0,0.15582589912757455,0.0,0.7955895849426944,0.006959779357631808,0.0033372865954117287,0.03828744997668758
1186.0,0.1577364885602053,0.0,0.7929698382361893,0.006847146345430112,0.0033352750556766217,0.03911125180249867
1188.0,0.15966937695155514,0.0,0.7901962662727491,0.00673532243708789,0.003333044179977686,0.04006599015863024
1190.0,0.16146772538687443,0.0,0.7874410451615427,0.006624261422391569,0.00333181453765731,0.041135153491533946
1192.0,0.1632708838003328,0.0,0.78454436455755,0.006512990829410987,0.0033308447433290506,0.042340916069377135
1194.0,0.1651335122924316,0.0,0.7814514872406365,0.006402450388202896,0.003329517811471637,0.04368303226725743
1196.0,0.16686333059738204,0.0,0.7784030613248895,0.006294384845851454,0.0033285079690529573,0.04511071526282415
1198.0,0.16855715477853647,0.0,0.7752822772759089,0.006188995638975061,0.003328067489419821,0.04664350481715974
1200.0,0.17032001775238484,0.0,0.7719891837681536,0.006084278274298069,0.003327271699280543,0.048279248505883
1202.0,0.1719462057381745,0.0,0.7687587766408218,0.005981860267574717,0.0033267799667562117,0.049986377386672685
1204.0,0.17352748980052216,0.0,0.7654781544580066,0.005881057348322447,0.0033265183155975625,0.05178678007755126
1206.0,0.17522380540933205,0.0,0.7619490326059987,0.005780019425091547,0.0033263226743223823,0.053720819885255386
1208.0,0.17677454177718674,0.0,0.758498744461354,0.005681490389293209,0.0033264337367291813,0.05571878963543682
1210.0,0.17825927189803803,0.0,0.755047906089694,0.005584828961991514,0.0033266094962808856,0.05778138355399559
1212.0,0.17986983620016783,0.0,0.7513917088311443,0.005487691737011253,0.0033268747044883987,0.05992388852718827
1214.0,0.1813187265015656,0.0,0.7478322323457579,0.00539263124727343,0.003328033029513053,0.06212837687589008
1216.0,0.18266390436276653,0.0,0.7443173926037089,0.005299717023275741,0.0033293358137420903,0.06438965019650675
1218.0,0.18422947509432602,0.0,0.7404712404717715,0.0052062520696248,0.003329797047370839,0.06676323531690682
1220.0,0.18562340741495556,0.0,0.7367491208129584,0.005116507054323104,0.0033309577577213256,0.06918000696004165
1222.0,0.18687969577419464,0.0,0.7331141670370454,0.005029548418462351,0.0033324500793901063,0.07164413869090756
1224.0,0.1883576940715492,0.0,0.7292257646851564,0.0049424969725618785,0.0033332627904836265,0.07414078148024883
1226.0,0.18968472843109993,0.0,0.7254402218966067,0.004857774003277288,0.0033343186789442647,0.0766829569900718
1228.0,0.19083084693044552,0.0,0.7217838020062718,0.004774854077693968,0.0033366993210590667,0.07927379766452969
1230.0,0.19223895808462005,0.0,0.7177974511545389,0.004691141922864745,0.0033383070468321896,0.08193414179114417
1232.0,0.19350710009912964,0.0,0.7139027635210347,0.0046097317259193625,0.00334008581258545,0.08464031884133087
1234.0,0.1946277048921681,0.0,0.7101075900322423,0.004530599880913296,0.0033420523224671206,0.08739205287220916
1236.0,0.19594740848861314,0.0,0.7061061970960963,0.004453576250520434,0.0033437482130794366,0.09014906995169063
1238.0,0.1971571566514333,0.0,0.7021693871863057,0.004378357122637102,0.0033455052798634366,0.09294959375976042
1240.0,0.19822427203308124,0.0,0.698324604850433,0.004305853088694092,0.003347406362284047,0.09579786366550756
1242.0,0.19943942886424323,0.0,0.6943260534696938,0.004244018839576466,0.003349333050263942,0.09864116577622253
1244.0,0.20056856725904137,0.0,0.6903856462724477,0.004184854938470689,0.0033517429298556695,0.10150918860018461
1246.0,0.20155976068903758,0.0,0.6865303043629105,0.004126964724430818,0.0033541929439190182,0.10442877727970203
1248.0,0.20270569129454147,0.0,0.6825368140347109,0.004069189756598896,0.0033562180472190423,0.10733208686692979
1250.0,0.20379376153517603,0.0,0.6785674297741022,0.004012401390210152,0.003358223898050225,0.11026818340246132
1252.0,0.20474408627062995,0.0,0.6746953711185041,0.0039580000324257285,0.0033609225132519016,0.11324162006518837
1254.0,0.2058132326695344,0.0,0.6707245913660168,0.0039038776154844,0.0033632708594611566,0.11619502748950321
1256.0,0.20685313503339517,0.0,0.6667574140475185,0.0038504294925003216,0.0033654582684746193,0.11917356315811128
1258.0,0.2077799446763935,0.0,0.6628528758679099,0.003798554521638793,0.003367575939005815,0.12220104899505203
1260.0,0.20879820961023107,0.0,0.658899186842469,0.003750031605639,0.0033692636287240008,0.12518330831293692
1262.0,0.20979401808535983,0.0,0.6549470788618408,0.003702218764940309,0.003370787387454166,0.128185896900405
1264.0,0.2106961946108907,0.0,0.6510375084956965,0.0036551527535327853,0.0033721957626337284,0.13123894837724623
1266.0,0.2116586735544402,0.0,0.6470892234940311,0.003608538554099306,0.003373389764464385,0.13427017463296503
1268.0,0.21262208584279113,0.0,0.6431494778547764,0.0035648337853475547,0.0033746428209801838,0.1372889596961047
1270.0,0.2134926617088347,0.0,0.6392482204257721,0.003521931485820891,0.003375759110375659,0.14036142726919656
1272.0,0.21441037735542925,0.0,0.6353219038772403,0.0034792928423537798,0.0033766740573918375,0.1434117518675848
1274.0,0.2153327554717379,0.0,0.6313883970394232,0.0034371724801572794,0.0033774107198830394,0.14646426428879858
1276.0,0.21618145096037275,0.0,0.6274944437540136,0.00339967971685709,0.003377307159681764,0.14954711840907475
1278.0,0.21705663583419219,0.0,0.6235947592880933,0.003362962511943835,0.0033769743688970844,0.15260866799687364
1280.0,0.21794509593406305,0.0,0.6196869826448768,0.003326610709173361,0.0033764789003891404,0.15566483181149762
1282.0,0.21877086848326116,0.0,0.615795414758254,0.0032905910948984817,0.0033758008398523387,0.15876732482373412
1284.0,0.2196070577093454,0.0,0.6119159976544856,0.0032579422617462594,0.003374496349617284,0.1618445060248055
1286.0,0.22046436072722347,0.0,0.6080357310196739,0.0032267942819490633,0.0033728177944118143,0.1649002961767417
1288.0,0.22125856908469727,0.0,0.6041741920878377,0.0031960334664054395,0.003370977407099407,0.16800022795396025
1290.0,0.22206437849021934,0.0,0.6002878603362473,0.0031652758270437637,0.0033689268381112414,0.17111355850837845
1292.0,0.2228885862783189,0.0,0.5964025421221774,0.003136551325688097,0.0033664347472018574,0.17420588552661379
1294.0,0.22365565775240123,0.0,0.5925422846041194,0.003110586983155551,0.003363322823160514,0.17732814783716325
1296.0,0.22441961345077607,0.0,0.5887173499321093,0.0030849929378070234,0.0033601938196901604,0.18041784985961734
1298.0,0.22518525793561706,0.0,0.5849456552310409,0.003059699347571697,0.0033571084870204493,0.1834522789987499
1300.0,0.22589741483838538,0.0,0.5811878665082031,0.003035322799668475,0.003353645795171084,0.18652575005857194
1302.0,0.22662148923649536,0.0,0.5774239297958774,0.003015538144169225,0.0033487450662951224,0.18959029775716285
1304.0,0.22737170801791018,0.0,0.5736368792008755,0.002995568529353974,0.003343711576996089,0.19265213267486425
1306.0,0.22807734294067775,0.0,0.5698562413672708,0.0029756617895571338,0.00333853728467412,0.1957522166178203
1308.0,0.22876634282699812,0.0,0.5661157123187623,0.002955876962527325,0.0033333707138627766,0.19882869717784943
1310.0,0.2294718319029123,0.0,0.5624253384906985,0.0029399963798211015,0.003327342183706422,0.2018354910428616
1312.0,0.23013173155927905,0.0,0.5587488270835093,0.0029252275631218884,0.0033208920223296023,0.20487332177176026
1314.0,0.2307850731458929,0.0,0.5550695923945527,0.0029104490219382943,0.003314358253677957,0.2079205271839382
1316.0,0.2314620514502239,0.0,0.5513774686646434,0.0028954591235764173,0.003307754106357641,0.21095726665519854
1318.0,0.23210428903570832,0.0,0.5476949793050466,0.002882340393837183,0.0033003903801910317,0.21401800088521683
1320.0,0.23274050372560406,0.0,0.544047183722329,0.0028725283963355764,0.0032919704003645522,0.21704781375536686
1322.0,0.23337596980625455,0.0,0.5404637238083121,0.0028628690448383727,0.003283730806683205,0.22001370653391183
1324.0,0.23397808880932708,0.0,0.5368873122500052,0.002853117778590213,0.0032754248758579407,0.22300605628621953
1326.0,0.23457206347856668,0.0,0.5333071277429239,0.002843293698521727,0.0032670659279864234,0.2260104491520012
1328.0,0.23518993058757134,0.0,0.5297329080168137,0.0028371558550479535,0.0032573659242470243,0.22898263961631998
1330.0,0.2357854595951551,0.0,0.5261590492735422,0.0028315412228264807,0.0032474117250045065,0.23197653818347178
1332.0,0.23636070928097705,0.0,0.5226086831123506,0.0028258223472252698,0.003237496592394279,0.23496728866705271
1334.0,0.23694008548979764,0.0,0.5190941136072845,0.002820143321169592,0.00322771260886634,0.23791794497288188
1336.0,0.23750054302136037,0.0,0.5155811940724183,0.0028155244822138394,0.003217492008490891,0.24088524641551654
1338.0,0.23804858159448936,0.0,0.5120968122662346,0.0028136203009280015,0.003206362862770873,0.24383462297557712
1340.0,0.23860505848739755,0.0,0.5086487704167459,0.0028117329790581973,0.0031954017443773797,0.2467390363724209
1342.0,0.2391347216988759,0.0,0.5052095977111926,0.0028097861822500925,0.0031844478064129433,0.2496614466012684
1344.0,0.23965313309474298,0.0,0.501786024063658,0.0028076797644258876,0.00317354874672221,0.2525796143304509
1346.0,0.24018446666904886,0.0,0.4984021966567023,0.0028080254485095203,0.0031617876681552803,0.255443523557584
1348.0,0.2406883410445755,0.0,0.49502677541650913,0.002809036582756303,0.0031496545242374885,0.2583261924319215
1350.0,0.24118928220110028,0.0,0.49166789746014555,0.0028099518925647268,0.003137623526002664,0.26119524492018675
1352.0,0.24168641381132136,0.0,0.48835301167828904,0.0028110026832530357,0.0031257856715709575,0.26402378615556554
1354.0,0.24216796014733927,0.0,0.4850441721094459,0.0028119163790221485,0.0031139491441035116,0.2668620022200892
1356.0,0.24264338409755737,0.0,0.4817585282243614,0.0028152212025808238,0.003101176815685558,0.26968168965981487
1358.0,0.24312758915925042,0.0,0.47850438131471956,0.002818582444078819,0.003088600567990152,0.272460846513961
1360.0,0.24358248030638963,0.0,0.47526845613987806,0.002821809651188155,0.00307608419744293,0.2752511697051013
1362.0,0.24403327699736285,0.0,0.47204905873837005,0.002825006794405985,0.003063683867839395,0.2780289736020217
1364.0,0.24448489853125865,0.0,0.4688658780991433,0.002828675890783559,0.0030511432690353835,0.2807694042097792
1366.0,0.2449311282569237,0.0,0.4656825953041436,0.0028331113982764202,0.003038039854173724,0.2835151251864826
1368.0,0.24535993775223952,0.0,0.4625274588849076,0.0028376006052712585,0.003025069845972561,0.2862499329116091
1370.0,0.24579650884160045,0.0,0.4594035608675188,0.0028420305432208175,0.0030122964339062697,0.2889456033137536
1372.0,0.2462147688467151,0.0,0.45628989295694955,0.0028464064920692652,0.0029995945582115824,0.2916493371460545
1374.0,0.24662888200908484,0.0,0.4531953858009755,0.002850983071729854,0.0029866957960120177,0.2943380533221978
1376.0,0.24704269479774404,0.0,0.4501336596192153,0.0028559063535394374,0.0029736741938842237,0.29699406503561704
1378.0,0.24744226867476776,0.0,0.4470759153970043,0.0028596586613056645,0.0029606784047430668,0.29966147886217925
1380.0,0.2478465778871199,0.0,0.4440178918841534,0.002858735851956322,0.0029476103260955844,0.3023291840506749
1382.0,0.24824809374365264,0.0,0.44099796472043135,0.002857811045718297,0.0029347379363497406,0.30496139255384797
1384.0,0.24864504203282245,0.0,0.437972954430297,0.0028566664059133284,0.0029217179575692365,0.30760361917339807
1386.0,0.24902648194098778,0.0,0.4349617514747051,0.002855384632238128,0.0029086559620674635,0.3102477259900015
1388.0,0.24942086562913005,0.0,0.43194664477208944,0.0028538883613370768,0.0028957052200225264,0.312882896017421
1390.0,0.24979941969623085,0.0,0.42894178462323296,0.0028522698372065174,0.0028828341905240973,0.3155236916528055
1392.0,0.250163570745341,0.0,0.4259777829854234,0.0028507338595607666,0.002870137984773369,0.3181377744249015
1394.0,0.2505273860097487,0.0,0.42306140424314226,0.002848627979833347,0.0028575466230323365,0.32070503514424337
1396.0,0.25087046660003853,0.0,0.420153911780477,0.002846122217504231,0.0028449641756751465,0.32328453522630507
1398.0,0.25121203319447405,0.0,0.41725828605807114,0.0028435129856841327,0.0028324997679777253,0.325853667993793
1400.0,0.2515602616471352,0.0,0.4143672120751275,0.002840750467614426,0.0028201538203284637,0.3284116219897944
1402.0,0.2518862483874399,0.0,0.4114942392181134,0.002837927531156891,0.002807887094533945,0.33097369776875585
1404.0,0.25220794541494257,0.0,0.40865164974562657,0.002834285983182121,0.002795830026688484,0.33351028882956024
1406.0,0.2525165590103771,0.0,0.40585883080716484,0.0028304131280437223,0.002783987443862268,0.336010209610552
1408.0,0.2528184323902677,0.0,0.403077535420569,0.0028264401805568255,0.0027722408502504625,0.33850535115835606
1410.0,0.2531064378194257,0.0,0.4003112510634803,0.0028223393589936778,0.00276057722901063,0.3409993945290897
1412.0,0.25340203302979214,0.0,0.39755442340882796,0.002818188423644266,0.0027490457088638065,0.34347630942887186
1414.0,0.2536759329524634,0.0,0.3948092561953821,0.0028128811993922945,0.0027376681094245514,0.3459642615433377
1416.0,0.25394006101152927,0.0,0.3920970811851685,0.0028070479954421597,0.0027264905651954163,0.3484293192426647
1418.0,0.25420217390183747,0.0,0.38942252622990464,0.002801320374806719,0.0027154896107359217,0.35085848988271523
1420.0,0.25445140911582714,0.0,0.3867634140871797,0.0027955413722444873,0.002704570023548347,0.35328506540120036
1422.0,0.25468791268047436,0.0,0.3841198188038004,0.0027897125673653376,0.0026937313756976167,0.3557088245726622
1424.0,0.2549237127063944,0.0,0.3814926692266551,0.002783115343813429,0.002683153413563233,0.3581173493095738
1426.0,0.2551451697727733,0.0,0.37887622961069795,0.0027755651750313937,0.002672805964579361,0.360530229476918
1428.0,0.2553603799562514,0.0,0.37628487309393455,0.0027680497681055755,0.0026625780333366933,0.36292411914837175
1430.0,0.2555689272903756,0.0,0.37372652551143104,0.002760629665207053,0.002652488748822679,0.3652914287841636
1432.0,0.25576600044958714,0.0,0.3711803264460088,0.002753152864910924,0.002642465739439659,0.36765805450005346
1434.0,0.25594763854330144,0.0,0.3686814286355375,0.002745493694639862,0.0026326646047956093,0.36999277452172563
1436.0,0.25612071228500866,0.0,0.36621428911973997,0.0027368115537135707,0.002623183828302511,0.37230500321323534
1438.0,0.25628268095027584,0.0,0.3637633331759975,0.0027281751700786263,0.002613775815573649,0.3746120348880744
1440.0,0.2564407120939453,0.0,0.36132964983640664,0.0027195391892467394,0.0026044624171417396,0.3769056364632596
1442.0,0.25659499188838686,0.0,0.35891328062281,0.0027109052221502778,0.0025952437097619963,0.3791855785568909
1444.0,0.2567386732611359,0.0,0.35651324931905376,0.0027022671554514876,0.002586095029854407,0.3814597152345044
1446.0,0.2568675797676371,0.0,0.35414117726513716,0.002692719065666357,0.0025773066663685174,0.38372121723519087
1448.0,0.2569927915843027,0.0,0.3517908003076748,0.00268314175785688,0.002568639628651781,0.3859646267215138
1450.0,0.2571009073906236,0.0,0.34945591183598446,0.0026735685209540155,0.0025600125634722692,0.38820959968896573
1452.0,0.2572058267863938,0.0,0.3471461600032391,0.0026640745193280916,0.0025514934896548325,0.39043244520138415
1454.0,0.2573079841883107,0.0,0.34485767688318664,0.002654631765380414,0.0025430731096479087,0.3926366340534743
1456.0,0.2573920521083079,0.0,0.34258494332320016,0.0026448773085746492,0.002534829576892439,0.39484329768302484
1458.0,0.257471452759818,0.0,0.34035634049586594,0.002635041401310847,0.002526871692910604,0.3970102936500946
1460.0,0.25754301554393505,0.0,0.3381458406457281,0.0026244659459778745,0.0025189508786677695,0.3991677269856912
1462.0,0.25760649869760044,0.0,0.33594513121578656,0.0026135278028958675,0.002511061930448144,0.401323780353269
1464.0,0.2576678148279993,0.0,0.33378393507156273,0.0026028039960974718,0.002503310303399231,0.40344213580094135
1466.0,0.2577133258480342,0.0,0.3316455588464707,0.0025921678991852044,0.002495618629917984,0.40555332877639205
1468.0,0.25775713315140725,0.0,0.3295216151507128,0.0025814256606951727,0.0024881075398849872,0.4076517184972998
1470.0,0.25779263523695795,0.0,0.3274281574759843,0.002570883498588529,0.002480688088056515,0.40972763570041265
1472.0,0.2578202455027036,0.0,0.3253541531115703,0.002560415837108617,0.002473331941685475,0.411791853606932
1474.0,0.25783300175315266,0.0,0.3232947381708253,0.0025499764085148515,0.002466002582828697,0.4138562810846784
1476.0,0.2578452905370571,0.0,0.32126652180911763,0.0025397064916873853,0.0024587879984875882,0.4158896931636504
1478.0,0.2578433817183989,0.0,0.3192568179063833,0.002529664217511833,0.002451666001028585,0.4179184701566773
1480.0,0.25784183771426217,0.0,0.31726420128579946,0.0025198488537272893,0.0024446819533110453,0.4199294301929001
1482.0,0.2578263452040668,0.0,0.31531777962974983,0.0025102681315183504,0.002437794322911746,0.4219078127117533
1484.0,0.2578113323833261,0.0,0.3133838201092382,0.002500759125267587,0.0024309767387874492,0.4238731116433807
1486.0,0.2577825112953589,0.0,0.3114601202497792,0.0024912530969348396,0.002424171828698307,0.4258419435292287
1488.0,0.2577476273246888,0.0,0.3095758242860213,0.0024819800386060758,0.0024174730215356655,0.42777709532914804
1490.0,0.2577093470234098,0.0,0.3077012373410963,0.002473512636134596,0.0024107462971476035,0.4297051567022117
1492.0,0.25766528231558516,0.0,0.3058412306369611,0.0024651517834313286,0.0024040613119530874,0.4316242739520693
1494.0,0.25761506024917386,0.0,0.30398866439537897,0.0024567715193988078,0.0023974074662825307,0.43354209636976576
1496.0,0.2575587469434216,0.0,0.30214355306348384,0.002448318609072522,0.002390782375458589,0.4354585990085634
1498.0,0.25749668304356915,0.0,0.3003161951649032,0.0024399766202495275,0.0023842142773342068,0.4373629308939439
1500.0,0.2574240460129553,0.0,0.2985465102342513,0.0024322016479892358,0.0023777506527636882,0.43921949145204053
